ABC malego zeglarstwa;SRODLADZIE;63;poradnik:male:lodka;Zeglowanie na malych zaglowkach
ABC nawigacji;MORZE;18;nawigacja:vademecum;Jak nawigowac bez elektroniki
ABC sluzowania;SRODLADZIE;18;sluza:srodladzie:poradnik:vademecum:sluzowanie;Poradnik jak dobrze sluzowac
ABC sztormowania;MORZE;21;sztorm:nawigacja:vademecum:poradnik;Metody sztormowania
ABC ubezpieczonego;SRODLADZIE;27;ubezpieczenie:poradnik:wypadek:kolizja;Jak zachowac sie w sytuacji zdarzenia gdy jestesmy ubezpieczeni
ABC zeglowania w Chorwacji;MORZE;38;chorwacja:vademecum:adriatyk:poradnik;Poradnik dotyczacy zeglowania w Chorwacji
ABC zeglowania w Szwecji;MORZE;39;szwecja:poradnik:baltyk:vademecum;Poradnik dotyczacy zeglowania w Szwecji
ABC zeglowania;SRODLADZIE;60;teoria:zwroty:podstawa:nauka:od zera;Podstawowe zagadnienia pozwalajace kazdemu zaczac zeglowac. 
Aplikacje dla zeglarzy;SRODLADZIE;31;cyfrow:elektronika:smartfon:tablet:aplikacja;Aplikacje na tablety i smartfony dla zeglarzy
Apteczka srodladowa;SRODLADZIE;34;leki:poradnik:wypadek:bezpieczenstwo:lek;Co powinno sie znalzec w apteczce na rejs srodladowy
Apteczka;SRODLADZIE;34;apteczka:poradnik:wypadek:bezpieczenstwo:lek;Niezbedne wyposazenie apteczki na jachcie
Atlantic Passage;MORZE;50;atlantyk:ocean:rejs:transatlantycki;Opis rejsu przez Atlantyk z Zachodu na Wschod
Berlin;SRODLADZIE;36;niemcy:berlin:kanal:rzeka:stolica:srodladzie:barka;Srodladowny rejs po kanalach i rzekach w okolicach Berlina
Bornholm cz. 1 - czesc wschodnia;MORZE;5;bornholm:baltyk:dania:wschodni bornholm;Opis portow i atrakcji Bornholmu (czesci wschodniej)
Bornholm cz. 2 - czesc zachodnia;MORZE;6;bornholm:dania:baltyk:zachodni bornholm;Opis portow i atrakcji Bornholmu (czesci wschodniej)
Choroba morska;SRODLADZIE;34;apteczka:lek:poradnik:choroba:morska:bezpieczenstwo;Jak sobie radzic z objawami choroby morskiej
Chorwacja - bezpieczenstwo i zabezpieczenie medyczne;SRODLADZIE;42;chorwacja:bezpieczenstwo:ubezpieczenie:poradnik;Poradnik jak zabezpieczyc sie przed wypadkami, jak postepowac w razie wypadku
Chorwacja - kulinarnie;MORZE;46;jedzenie:chorwacja:menu:rejs;Opis co warto zjesc i wypic podczas rejsu w Chorwacji.
Chorwacja - miejsca do kotwiczenia;MORZE;37;kotwica:kotwiczenie:chorwacja:adriatyk;Ciekawe kotwickowiska w Chorwacji, alternatywa dla przepelnionych marin
Chorwacja - poradnik czarterowy;MORZE;10;chorwacja:adriatyk:poradnik:vademecum;Poradnik czarterowy, planowanie rejsu
Chorwacja - tygodniowy rejs;MORZE;46;chorwacja:tydzien:rejs:split:dubrownik:dubrovnik:dalmacja;Propopzycja tygodniowego rejsu w Chorwacji. Na trasie takie miasta jak Dubrovnik, Split, Korcula, Hvar
Chorwacja dla doroslych i dzieci;MORZE;11;morze:dziecko:poradnik:chorwacja:adriatyk:rejs z dziecmi;Jak przygotowac sie i gdzie najlepiej poplynac z dziecmi na pokladzie w Chorwacji
Chorwacja po raz pierwszy;MORZE;52;chorwacja:adriatyk:morze:srodziemne:poradnik:rejs:trasa;Jak przygotowac pierwszy rejs po Chorwacji. Jak zaplanowac trase i jak bezpiecznie zeglowac po wodach Chorwacji. Czego unikac
Chorwacja w 4 dni;MORZE;46;chorwacja:rejs:adriatyk:krótki;Jak zaplanowaæ 4-dniowy rejs w Chorwacji
Christianso;MORZE;7;christianso:bornholm:dania:baltyk;Opis wyspy Christianso
Ciekawe przesmyki baltyku;MORZE;57;nietypowe:baltyk:miejsca:przesmyk:szwecja:dania:niemcy:norwegia:finlandia;Ciekawe przesmyki na morzu Baltyckim
Co nas moze zaskoczyc na morzu srodziemnym;MORZE;53;poradnik:morze:srodziemne:niebezpieczenstwo:przeszkoda;Pulapki czekajace na zeglarzy zeglujacych po morzu srodziemnym opisane dla kazdej czesci akwenu
Co warto miec na jachcie;SRODLADZIE;34;narzedzia:konserwacja:wyposazenie:poradnik:niezbednik;Co powinnismy miec na jachcie. Czego nie powinno zabraknac
Cuda natury na Baltyku;MORZE;57;morze:baltyk:baltyckie:natura:przyroda:nietypowe:szwecja:dania:litwa:finlandia:norwegia;Opis wyjatkowych miejsc pod wzgledem przyrody na morzu Baltyckim
Cumowanie;SRODLADZIE;52;cumowanie:cuma:port:manewr:poradnik;Krotki artykul o tym co najwazniejsze w dobrym cumowaniu jachtu
Cwiczenia dla zeglarzy;SRODLADZIE;61;fit:fitness:forma:sila:miesnie:zdrowie:poradnik:rejs;Poradnik dla zeglarzy: jakie cwiczenia wykonywac na silowni pod katem zeglwania i rejsow.
Cyklady;MORZE;59;grecja:morze:œródziemne:archipelag;Szczegó³owy opis greckiego archipelagu
Cypr;MORZE;47;cypr:srodziemne:morze:rejs;Rejs po wyspie na Morzu Srodziemnym, opisy najciekawszych miejsc i marin
Czarter - sprawdzenie jachtu;MORZE;24;czarter:poradnik:sprawdzenie:jacht;Poradnik jak sprawdzic czarterowany jacht przed wyjsciem w morze
Czarter na Kubie;MORZE;49;kuba:karaiby:rejs:czarter:poradnik;Poradnik dla chc¹cych wyczarterowac jacht i plynac w rejs na Kubie
Czechy;SRODLADZIE;41;czechy:praga:srodladzie;Rejs wodami srodladowymi z Pragi do jeziora Orlik w Czechach
Czlowiek za burta;SRODLADZIE;20;czlowiek:za:burta:manewr:vademecum;Manewry podejscia do czlowieka za burta
Czystoœæ na jachcie;SRODLADZIE;44;poradnik:porz¹dek:czystoœæ:klar;Poradnik jak dbaæ o czystoœæ na jachcie
Czytanie dzikiej rzeki;SRODLADZIE;48;rzeka:locja:poradnik:czytanie;Obserwowanie nurtu rzeki i interpretowanie obserwacji
Dania - rejs trasa festiwali jazzowych;MORZE;41;dania:jazz:rejs:baltyk;3 miesieczny rejs po Danii trasa jazzowych festiwali
Dania;MORZE;41;dania:ciesniny dunskie:baltyk:kattegat:skagerrak;Opis rejsu w Danii
Darlowo i Darlowko;MORZE;33,49;baltyk:polskie:polska:port:darlowo:darlowko;Opis portow na baltyku Darlowo i Darlowko
Dobor zalogi na rejs morski;MORZE;12;zaloga:zaloga na rejs:dobor:poradnik;Poradnik jak dobrac zaloge na rejs morski
Dobre cumowanie;MORZE;1;cumowanie:cuma:port:manewr;Opis podstawowych rodzajow cumowania
Dodekanez - lancuch wysp na morzu Egejskim;MORZE;32;grecja:egejskie:srodziemne;Opis rejsu po wyspach Dodekanezu
Dolny Slask;SRODLADZIE;11;wroclaw:slask:polska:odra;Akweny zeglarskie na dolnym slasku
Dookola Jutlandii;MORZE;3;jutlandia:dania:norwegia:szkiery:ciesniny dunskie:kattegat:skagerrak:kanal kilonski;Opis rejsu dookola Jutlandii, ciesniny dunskie, kanal kilonski
Drawsko;SRODLADZIE;37;jezioro:polska:srodladzie;Opis jeiora Drawsko
Dryf jachtu morskiego;MORZE;15;dryf:jacht morski:morski;Opis manewrow dryfowych, stawanie w dryf, zachowanie jachtu w dryfie
Dryfowanie;SRODLADZIE;43;dryf:manewr:poradnik:nawigacja;Jak bezpiecznie dryfowac, jak prawidlowo stanac w dryf
Dzieci na jachcie;MORZE;11;dzieci:dziecko:poradnik:dziecko na jachcie:rejs z dziecmi;Porady jak postepowac z malymi dziecmi na jachcie podczas rejsu
Dzwirzyno;MORZE;33;baltyk:polska:morze:port:wybrzeze:dzwirzyno;Locja podejscie i opis portu w Dzwirzynie
Elblag;SRODLADZIE;10;elblag:srodladzie:polska;Opis portow i przystani w Elblagu
Ergonomia jachtu srodladowego;SRODLADZIE;53;poradnik:osprzet:liny:takielunek:ergonomia:wygoda;Kilka prostych porad jak ulatwic zeglowanie jachtem srodladowym.
Etykieta zeglarska - flagi i bandery;SRODLADZIE;21;etykieta:poradnik:bandera:flaga;Gdzie i jakie falgi i bandery wieszac na jachcie
Etykieta zeglarska;SRODLADZIE;21;poradnik:etykieta:zachowanie;Podstawowe zasady dotyczace etykiety zeglarskiej
Fid¿i;MORZE;60;fid¿i:morze:ocean:spokojny:pacyfik;Opis archipelagu Fid¿i
Filipiny;MORZE;48;rejs:filipiny:morze:egzotyka;Rejs po Filipinach, garsc wspomnien z rejsu w Filipinach
Frombork;MORZE;57;frombork:polska:locja:baltyk:morze:wybrzeze:port:marina;Locja portu w Fromborku
Galapagos;MORZE;50;galapagos:rejs:zolw:wyspa:wyspy;Rejs jachtem na wyspy Galapagos
Gaskonia;SRODLADZIE;2;francja:srodladzie:barka;Od Bordeaux do Morza Srodziemnego
Gdy slabo wieje;SRODLADZIE;55;poradnik:wiatr:flauta;Porady jak zeglowac gdy wiatr jest slaby
Golfo La Spezia;MORZE;58;w³ochy:morze:œródziemne:w³ochy:liguria;Opis zatoki La Spezia
Gotlandia - porty;MORZE;8;gotlandia:visby:szwecja:baltyk;Opis portow Gotlandii
Gotlandia;MORZE;7;szwecja:gotlandia:baltyk:szkiery;Rejs na Gotlandie, opis portow
Grecja - poradnik;MORZE;30;grecja:czarter:poradnik:srodziemne;Poradnik czarterowy w Grecji
Grecja - porty - zasady i realia;MORZE;30;grecja:poradnik:port:marina:srodziemne;Opis zasada i realiow zwiazanych z portowaniem w Grecji
Grecja;MORZE;40;grecja:srodziemne;Opis proponowanej trasy na rejs po Grecji
Grenlandia;MORZE;45;grenlandia:rejs:polnoc;Opis rejsu po Grenlandii
Hausbotem po Odrze;SRODLADZIE;11;odra:barka:polska;Rejs Barka po Odrze
Historia rejsow polarnych;MORZE;44;rejs:historia:polar:polarne:polnoc:biegun;Historia rejsow polarnych
Holandia - Paryz;SRODLADZIE;19;paryz:holandia:francja:barka:srodladzie;Rejs wodami srodladowymi z Holandii do Paryza
Holandia;SRODLADZIE;37;amsterdam:holandia;Rejs po holenderskich wodach przybrzeznych
Holowanie;MORZE;2;holowanie:manewr:lina:podstawowe;Informacje dotyczace holowania, sposoby holowania
Horn;MORZE;29;horn:wyspa:rejs;Rejs dookola Hornu i wizyta na wyspie Horn w 400 rocznice pierwszego oplyniecia Przyladka Horn
Instalacje wodne na jachcie;SRODLADZIE;59;poradnik:instalacja:woda:wodna:konserwacja;Jak dbac o instalacje wodne na jachcie
Irlandia;SRODLADZIE;28;barka:irlandia:shannon:srodladzie;Srodladowy rejs po Irlandii
Izrael;MORZE;52;izrael:cypr:grecja:rejs:srodziemne:morze;Rejs do Ziemi Swietej
Jacht bez przeciekow;SRODLADZIE;59;przeciek:bezpieczenstwo:konserwacja:poradnik;Jak stawic czola przeciekom na jachcie w sposob skuteczny i trwaly
Jak przerobic jacht srodladowy na morski;MORZE;52;morze:srodladzie:poradnik:wyposazenie:jacht;Poradnik co nalezy przerobic w jachcie srodladowym aby moc nim plywac po morzu.
Jak przygotowac jacht do wodowania;SRODLADZIE;59;poradnik:konserwacja:wodowanie:przygotowanie:zimowanie;Jak przygotowac jacht do wodowania po zimie
Jak sie bronic przed burza;SRODLADZIE;35;srodladzie:bezpieczenstwo:burza:meteo;Podstawowe zasady obrony przed burza na w3odhac srodladowych\nRozpoznanie nadchodzacego frontu\nPrzygotowanie jachtu
Jan Mayen i Grenlandia;MORZE;45;grenlandia:jan:mayen.polnoc:rejs:arktyka;Rejs do Jan MAyen i na Grenlandie
Jeziora Lagowskie;SRODLADZIE;2;Lagow:lubuskie;Pojezierze Lagowskie - czesc pojezierza Lubuskiego
Jeziorak;SRODLADZIE;29;jezioro:jeziorak:polska:srodladzie;Opis jeziora Jeziorak
Jezioro Czorsztynskie;SRODLADZIE;57;polska:czorsztyn:czorsztynskie:niedzica:Dunajec;Opis jeziora Czorsztynskiego
Jezioro Dzierzo i Rybnickie;SRODLADZIE;10;dzierzno:rybnik:gliwice:gliwicki:polska:slask;Oppis jezior Dzierzno i Rybnickiego
Jezioro Lanskie;SRODLADZIE;4;jezioro:lanskie:srodladzie;opis jeziora Lanskiego
Jezioro Narie;SRODLADZIE;5;narie:jezioro:srodladzie:bogaczewo;Opis jeziora Narie
Jezioro Przeczyckie;SRODLADZIE;12;przeczyce:slask:polska;Opis Zalewu Przeczyckiego
Jezioro Roznowskie;SRODLADZIE;52;roznowskie:dunajec:polska;Pelen opis Zalewu Roznowskiego i jego portow
Jezioro Solinskie;SRODLADZIE;56;solina:solinskie:polska:jezioro:bieszczady;Opis akwenu w Bieszczadach wraz z marinami
Jezioro Ukiel;SRODLADZIE;3;ukiel:jezioro:srodladzie;Opis jeziora Ukiel
Jezioro £añskie i Serwy;SRODLADZIE;4;jezioro:lanskie:serwy:œródl¹dzie;Opis jeziora £añskiego i jeziora Serwy
Jubileusz Henri Lloyd;MORZE;55;sztormiak:henri:lloyd:sprzet:jubileusz;Artykul z okazji 55-lecia firmy Henri Lloyd opisujacy produkty firmy
Kabestany;SRODLADZIE;59;kabestan:poradnik:wyposazenie:lina:konserwacja;Jak prawidlowo dbac o kabestany i jak z nich prawidlowo korzystac.
Kalmar;MORZE;44;kalmar:szwecja:baltyk:miasto:kalmarsund;Kórki opis miasta Kalmar i mariny
Kalmarsund;MORZE;35;kalmar:szwecja:baltyk;Opis rejsu po zakamarkach Kalmarsundu
Kambuz - poradnik;SRODLADZIE;38;kambuz:poradnik:zywnosc:jedzenie:gotowanie;Poradnik jak byc dobrym kukiem na jachcie
Kamizelki ratunkowe;SRODLADZIE;34;kamizelka:kapok:bezpieczenstwo:poradnik:utoniecie:czlowiek za burta;Rodzaje kamizelek ratunkowych i sposob ich uzywania
Kanal Augustowski;SRODLADZIE;14;srodladzie:augustow;Rejs kanalem augustowskim do Bialorusi
Kanal Sueski;MORZE;56;egipt:srodzemnie:czerwone:kanal:sueski:sues:poradnik;Jak sprawnie pokonac Kanal Sueski
Kanal elblaski;SRODLADZIE;15;elblaski:srodladzie:polska:pochylnie;Rejs kanalem elblaskim przed i po remoncie
Kanal gliwicki;SRODLADZIE;39;gliwice:kanal:gliwicki:polska:srodladzie;Opis i locja kanalu gliwickiego
Katy rybackie;MORZE;33;baltyk:polska:morze:port:wybrzeze:katy rybackie;Locja podejscie i opis portu w Katach Rybackich
Kolobrzeg;MORZE;48;polska:baltyk:morze:kolobrzeg:port:marina;Opis portu i mariny w Kolobrzegu
Komunikatory i lokalizatory;MORZE;56;elektronika:sprzet:technologia:lokalizacja:komunikacja:poradnik;Opis sprzetu do lokalizacji i komunikacji
Korsyka;MORZE;53;morze:srodziemne:rejs:korsyka:wyspa:francja;Rejs po Korsyce
Kotwice;SRODLADZIE;7;kotwica:kotwiczenie:poradnik;Jaka kotwice wybrac i jak prawidlowo jej uzywac
Kotwiczenie;SRODLADZIE;7;kotwica:kotwiczenie:poradnik:nawigacja;Jak prawidlowo stanac na kotwicy
Krapkowice - Berlin;SRODLADZIE;36;srodladzie:barka:polska:niemcy;Rejs srodladowy z Krapkowic do Berlina
Kreta - porty cz. 1 i 2;MORZE;36;grecja:srodziemne:kreta;Czesc 1 i 2 opisu portow na Krecie
Kreta - porty cz. 3;MORZE;37;grecja:srodziemne:kreta;Czesc 3 opisu portow na Krecie
Krynica Morska;MORZE;33;baltyk:polska:morze:port:wybrzeze:krynica morska;Opsi locja i podejscie do portu w Krynicy Morskiej
Leba;MORZE;47;polska:baltyk:leba:port:marina;Opis portu i mariny w Lebie
Liny;SRODLADZIE;62;lina:liny:poradnik;Vademecum 'linologii' dla zeglarzy
Livorno;MORZE;7;wlochy:toskania:srodziemne:morze:port;Opis miasta Livorno od zeglarskiej strony. Jakie mariny, co zwiedzic i historia
Locja srodladowa - znaki, tyczki, plawy;SRODLADZIE;25;locja:srodladzie:vademecum:nawigacja;Podstawowe znaki w locji srodladowej
Locja srodladowa;MORZE;54;locja:srodladzie:droga:wodna:znak:rzeka:przepisy:przepis;Podstawowe informacje dotyczace locji srodladowej. Znaki i czytanie rzeki. Drogi wodne
Locja srodladowa;SRODLADZIE;4;locja:srodladzie:znaki:nawigacja;Repetytorium z locji srodladowej
Lofoty;MORZE;41;lofoty:norwegia:fiordy:kolo podbiegunowe;Zimowy rejs powyzej kola podbiegunowego
Lofoty;MORZE;54;norwegia:lofoty:fiordy:morze:rejs:krag polarny:trol:trole:norweskie;Rejs po Lofotach
Lornetki;MORZE;25;lornetka:lornetki:wyposazenie:jacht;Jaka lornetke wybrac
Manewry portowe - morskie;MORZE;13;manewry:port:portowe:manewry portowe:port morski:porty morskie;Poradnik manewrowania, wchodzenia i wychodzenia, i cumowania w morskich portach
Manewry portowe na Mazurach;SRODLADZIE;16;manewr:port:mazury:srodladzie:poradnik;Jak dobrze i bezpiecznie manewrowac w mazurskich portach
Manewry portowe z uwzglednieniem wiatru;SRODLADZIE;46;manewr:poradnik:port:wiatr;JAk manewrowac w porcie uwzgledniajac sile i kierunek wiatru	
Manewry portowe;MORZE;31;manewr:port:awaria:silnik;Poradnik manewrow portowych na podstawie rzeczywistych sytuacji. Nieraz przyklady awaryjnych manewrow
Mapy elektroniczne;MORZE;14;elektronika:mapa:mapy:elektroniczne:nawigacja;Podstawowy opis map elektronicznych
Martwa Wisla;SRODLADZIE;5;wisla:gdansk:srodladzie;Opis Martwej Wisly w Gdansku
Mazurski poradnik;SRODLADZIE;16;mazury:manewry:vademecum:poradnik:srodladzie;Poradnik zeglowania po Mazurach. Zeglowanie pod zaglami i manewry na silniku
Mazurskie strefy ciszy;SRODLADZIE;6;mazury:przepisy:locja:silnik:rezerwat;Strefy ciszy na Mazurach - jak je rozpoznac jak z nich korzystac.
Mazury historycznie;SRODLADZIE;6;mazury:historia:rejs:œródl¹dzie;Opis miejsc historycznych na szlaku WJM
Meteorologia;SRODLADZIE;25;meteorologia:poradnik:vademecum:meteo;Kurs dla zeglarzy z meteorologii
Mijanie sie na wodzie;SRODLADZIE;33;manewr:bezpieczenstwo:poradnik:nawigacja;Mijanie z innymi jednostkami na wodzie i w waskich kanalach
Milos;MORZE;28;milos:grecja:srodziemne;Grecka wyspa Milos
Mrzezyno i Dzwirzyno;SRODLADZIE;7;morze:srodladzie:jezioro:polska:baltyk;Dwa morskie porty polaczone jeziorem Resko Przymorskie, do zeglowania po morzu i srodladziu
Mrzezyno;MORZE;47;baltyk:mrzezyno:port:locja:podejscie:polska:wybrzeze;Opis portu w Mrzezynie, locja i sposob podejœcia
Na grocie czy foku?;SRODLADZIE;50;poradnik:ref:refowanie:ozaglowanie:fok:grot:bezpieczenstwo;Poradnik redukcji ozaglowania przez zrzucenie jednego z zagli. Wytlumaczenie dlaczego niewskazane jest plywanie na samym grocie.
Na kanale La Manche;MORZE;27;la manche:plywy:polnocne:francja;Nawigacja plywowa na kanale La Manche
Na wodach Holandii i Belgii;SRODLADZIE;30;srodladzie:holandia:belgia:kanal:rotterdam:antwerpia:utrecht:breda;Rejs drogami srodladowymi Holandii i Belgii
Narwik i Spitsbergen;MORZE;50;spitsbergen:narwik:narvik:norwegia:rejs;Kronika rejsu jachtu s/y Stary do Narwiku i na Spitsbergen
Nawietrznosc jachtu;SRODLADZIE;26;nawietrznosc:poradnik;Teoria zeglowania - nawietrznosc jachtu
Nawigacja elektroniczna dla kazdego;MORZE;16;elektro:nawigacja:elektroniczna:mapa:mapy;Jak radzic sobi z nawigacja, obsluga nawigacji elektronicznej
Niemcy, Belgia, Holandia;SRODLADZIE;30;srodladzie:niemcy:belgia:holandia:barka:berlin:bruksela;Rejs srodladowy z Berlina do Brukseli
Niemcy;SRODLADZIE;40;niemcy:srodladzie:barka;Rejs drogami srodladowymi w poprzek Niemiec
Nietypowe porty Baltyku;MORZE;57;morze:baltyckie:baltyk:port:marina:przystan:nietypowe:dania:szwecja:litwa:finlandia;Baltyckie porty ktore moga zaskoczyc nawigacyjnie
North-west passage;MORZE;42;north:west:passage:przejscie:polnocno:zachodnie;Opis rejsu przez przejscie polnocno-zachodnie
Norwegia;MORZE;29;norwegia:kattegat:ciesniny dunskie:skagerrak;Opis rejsu po Norwegii
Nykoping;MORZE;41;szwecja:baltyk:nykoping:sztokholm:port:marina;Krotki opis mariny w Nykoping i samego miasta
Obuwie;SRODLADZIE;24;obuwie:ubior:ubranie:sprzet:poradnik;Wybor odpowiedniego obuwia
Od Wladyslawowa do Dziwnowa;MORZE;4;polska:baltyk:polskie:dziwnow:kolobrzeg:darlowko:ustka:leba:wladyslawowo;Informacje na temat polskich portow morskich
Odejscie na zaglach;SRODLADZIE;51;poradnik:odejscie:zagle;Jak prawidlowo odejsc na zaglach przy dopychajacym wietrze
Odra Brzesko - Olawska;SRODLADZIE;38;Olawa:Brzeg:odra:polska:srodladzie;Opis i locja Odry w okolicahc Brzgu i Olawy
Odra Opolska;SRODLADZIE;42;odra:gliwice:gliwicki:krapkowice:polska:srodladzie;Opis i locja Odry od Kanalu Gliwickiego do Krapkowic
Ogrzewanie na jachcie;SRODLADZIE;59;poradnik:ciep³o:ogrzewanie:piec:instalacja;Poradnik jak samemu za³o¿yæ ogrzewanie na jachcie
Oxelosund;MORZE;51;baltyk:szecja:szkiery:sztokholm;Opis portu i miasta Oxelosund
Paryz - Koblencja;SRODLADZIE;47;srodladzie:niemcy:luksemburg:francja;Rejs z Paryza do Koblencji po srodladowych wodach Francji, Luksemburga i Niemiec
Patenty zeglarski;MORZE;55;patent:patenty:uprawnienia:prawo:czarter:kapitan:sternik:skiper;Opis patentow i uprawnien do sterowania jachtami polskich i zagranicznych
Perly Baltyku;MORZE;7;morze:baltyk:port:wyspa:christianso:suursadam:flakfortet:norrbyskar:ladonia:kaseberga:oscarsborg:peenemunde:visby:szwecja:estonia:dania:norwegia:niemcy;Port z niebanalna historia. Ktore miejsca na Baltyku warto odwiedzic ze wzgledu na hostorie i obiekty.
Petla Wielkopolski;SRODLADZIE;38;barka:srodladzie:polska:wielkopolska;Opis rejsu po wielkopolskiej petli
Petla Wielkopolski;SRODLADZIE;8;wielkopolska:srodladzie:polska;Rejs po Wielkiej Petli Wielkopolski
Petla Zulaw;SRODLADZIE;13;zulawy:barka:polska;Rejs petla Zulawska
Petla mazurska;SRODLADZIE;6;mazury:petla:niedostepne:srodladzie:ekstremalne:survival;Rejs po trudnodostepnej petli mazurskiej\nRydzewo - Mikolajki - Okartowo - Rydzewo
Plywanie po rzece;SRODLADZIE;48;rzeka:poradnik:rejs:wyposazenie:srodladzie;Jak przygotowac sie do plywania po rzece. Co ze soba zabrac i o czym pamietac.
Pochylnie na kanale elblaskim;SRODLADZIE;22;kanal:elblaski:pochylnia:srodladzie:polska;Jak korzystac z pochylni Kanalu Elblaskiego - poradnik
Podstawowe porady dla mazurskich zeglarzy;SRODLADZIE;17;poradnik:mazury:srodladzie:vademecum:manewr;Podstawowe porady dotyczace zeglowania i wszystkich manewrow na Mazurach
Pomoc przedmedyczna na jachcie;SRODLADZIE;34;poradnik:pomoc:medyczna:apteczka:pierwsza;Jak przeprowadziæ pomoc przedmedyczn¹ na jachcie
Poradnik Mazurski: Jak uniknac trudnych warunkow pogodowych;SRODLADZIE;58;poradnik:meteorologia:bezpieczenstwo:pogoda;Jak zawczasu przewidziec nadchodzace niekorzystne warunki pogodowe aby w pore znalezc schronienie
Poradnik Mazurski: rejs z dziecmi;SRODLADZIE;58;dzieci:dziecko:mazury:rejs;Poradnik dla tych, ktorzy chca wyplynac w mazurski rejs z dziecmi
Poradnik Mazurski: sprawdzenie czarterowanego jachtu;SRODLADZIE;58;mazury:czarter:poradnik:sprawdzenie;Lista czynnosci, ktore nalezy wykonac przy odbiorze czarterowanego jachtu. Co sprawdzic i na co zwrocic uwage
Poradnik chorwacki;MORZE;57;chorwacja:poradnik:czarter:adriatyk;Wspolczesne problemy i zalety zwiazane z czarterem jachtu w Chorwacji
Portowiec Gdanski - zatoniecie;MORZE;1;zatoniecie:wypadek:portowiec:gdanski:bezpieczenstwo;Opis zatoniecia zaglowca Portowiec Gdanski
Poza wodami Unii;MORZE;53;morze:srodziemne:unia:europa:europejska:przepisy:procedury:procedura:poradnik;Przepisy dotycz¹ce wejscia do portow w krajach poza Unia Europejska w akwenie Morza Srodziemnego
Pranie sztormiakow;SRODLADZIE;32;sztormiak:sprzet:ubranie:ubior;Czy warto prac stormiaki?
Prawo drogi na srodladziu;MORZE;52;prawo:przepisy:srodladzie:pierwszenstwo:kolizja;Przypomnienie prze4pisow dotyczacych pierwszenstwa na wodach srodladowych
Przekraczanie torow wodnych;MORZE;19;tor:nawigacja:morze;JAk prawidlowo przecinac tory wodne
Radar;MORZE;17;radar:elektronika:elektro:nawigacja;Jak wybrac i obsluzyc radar na jachcie
Refowanie;SRODLADZIE;56;poradnik:refowanie:teoria:olinowanie:zagiel:bezpieczenstwo;Krotki poradnik o tym jak prawidlowo sie zarefowac, jakich bledow unikac, w jakiej kolejnosci wykonywac czynnosci
Regulacja olinowania stalego;SRODLADZIE;19;poradnik:sprzet:olinowanie:lina:liny:takielunek;Poradnik dotyczacy regulacji stalego olinowania
Rejs Darlowo - Bornholm - Kalmar - Visby;MORZE;58;morze:baltyckie:baltyk:rejs:opis;Opis rejsu Darlowo - Bornholm - Kalmar - Visby
Rejs E70 w Polsce;SRODLADZIE;8;e70:zulawy:srodladzie:polska:odra;Rejs droga wodna E70 w Polsce od Zulaw na Odre
Rejs Narwia i Pisa;SRODLADZIE;48;srodladzie:polska:Narew:Pisa:rzeka;Opis rejsu po Narwi i Pisie
Rejs Wisla do muzeum morskiego;SRODLADZIE;62;wisla:polska:gdansk:srodladzie;rejs wisla do muzeum morskiego
Rejs dookola Antarktydy;MORZE;56;antarktyda:poludnie:poludniowy:ocean:rejs;Relacja z rejsu non-stop dookola Antarktydy
Rejs kana³¹mi Francji;SRODLADZIE;47;francja:kanal:rejs:tunel:akwedukt;Opis rejsu po kana³¹ch Francji
Rejs na Bornholm;MORZE;7;bornholm:baltyk;Opis rejsu na Bornholm
Rejs po Mazurach;SRODLADZIE;6;mazury:srodladzie:rejs;Wspomnienia z rejsu po Mazurach
Rejs po Oceanie Indyjskim;MORZE;50;indyjski:ocean:rejs;Relacja z rejsu po Oceanie Indyjskim.
Rejs po wodach srodladowych poludniowej Francji;SRODLADZIE;47;Ren:Rodan:Saona:Awinion:Prowansja:Francja:srodladzie:kanal:canal du midi;Rejs ze Strasbourga do Carcassonne nad kanalem poludniowym (Canal du Midi). Ren; Rodan; Saona;Awinion; Prowansja;
Rejs w poprzek Szwecji;MORZE;59;morze:baltyk:baltyckie:szwecja:kana³:gota;Opis rejsu w poprzek Szwecji, przez kana³ Gota
Rejs wzd³uz polskiego wybrzeza;MORZE;45;polska:polski:baltyk:rejs:port;Opis rejsu wzdluz polskiego wybrzeza, opis portow Mrzezyno, Kolobrzeg, Darlowo, Wladyslawowo, Hel. Garsc spstrzezen z zeglugi po polskim wybrzezu
Rejs z dzieckiem;MORZE;11;dziecko:rejs:ko³yska:dzieci:rejs z dzieckiem:rejs z dzieæmi;Opis rejsu z nowo narodzonym dzieckiem na jachcie
Rejs z nowicjuszami;SRODLADZIE;64;poradnik:za³oga:nowicjusz:pierwszy:rejs;Jak przeprowadziæ rejs z za³og¹, która p³ywa pierwszy raz
Riviera Ponente;MORZE;58;wlochy:srodziemne:morze:genua:liguria:riwiera;Riwiera dei Fiori Riwiera delle Palme Genua.
Riwiera di Levante;MORZE;58;morze:srodziemne:wlochy:levante:riviera:golfo:cinque:terre:portovenere:liguria;Opis wybrzeza Ligurii
Romantyczne ustronia Morza Srodziemnego;MORZE;57;morze:srodziemne:urok:uroczy:romantyczny:wlochy:grecja;Pelne uroku miejsca na uboczu na morzu Srodziemnym
Rowy;MORZE;52;polska:baltyk:morze:baltyckie:wybrzeze:port:locja:rowy;Locja podejscie i opis portu w Rowach
Rzeka Saona;SRODLADZIE;6;srodladzie:barka:francja;Rejs barka po Saonie we Francji
Rzeka Shannon;SRODLADZIE;18;shannon:irlandia:rejs:srodladzie;Rejs po rzece Shannon w Irlandii
Santorini;MORZE;43;santorini:wyspa:grecja:srodziemne;Porty i przystanie greskiej wyspy Santorini
Schodzenie z mielizny;MORZE;22;poradnik:mielizna:manewr;Jak uniknac wejscia na mielizne, jak zejsc z mielizny
Seszele;MORZE;55;seszele:ocean:indyjski:rejs;Opis rejsu po Seszelach
Skrzynka bosmanska;SRODLADZIE;34;skrzynka:bosman:wyposazenie:konserwacja:poradnik:narzedzia;Co powinna zawierac skrzynka bosmanska na jachcie
Spinaker;SRODLADZIE;21;spinaker:zagiel:poradnik;Jak obslugiwac spinaker
Spitsbergen;MORZE;50;spitsbergen:norwegia:rejs:polnoc;Rejs na Spitsbergen
Sporady Polnocne;MORZE;51;grecja:sporady:rejs:egejskie;Szczegolowy opis rejsu w mniej znanym akwenie Grecji
St. Martin;MORZE;53;morze:karaiby:antyle:male antyle:rejs;Rejs po karaibskiej wyspie St. Martin
Strojenie takielunku;MORZE;14;poradnik:takielunek;Poradnik jak dostoic takielunek
Swiatla ostrzegawcze na Mazurach;SRODLADZIE;3;mazury:srodladzie:swiatla:bezpieczenstwo;System swiatel ostrzegawczych na Wielkich Jeziorach Mazurskich
Szaman na Mazurach (4);SRODLADZIE;2;mazury:srodladzie;Opis rejsu na Mazurach
Szaman na Mazurach (7);SRODLADZIE;3;mazury:srodladzie;Opis rejsu po Mazurach
Szaman na Mazurach (8);SRODLADZIE;4;mazury:srodladzie;Opis rejsu po Mazurach
Szaman na Mazurach (9);SRODLADZIE;5;mazury:srodladzie;Opis rejsu po Mazurach
Szaman na mazurach (1,2,3,5,6);SRODLADZIE;1;mazury:srodladzie;Opis rejsu po MAzurach
Szkiery - poradnik;MORZE;5;szkiery:poradnik:baltyk:vademecum:szwecja;Vademecum szkierowego wloczegi
Szkocja - wokol wyspy Skye;MORZE;47;szkocja:morze:hebrydzie:skye:rejs;Opis rejsu wokol szkockiej wyspy Skye
Szlak Sapiny;SRODLADZIE;54;sapina:mamry:goldopiwo:rejs:kanal;Rejs rzeka z Goldopiwo do jeziora Mamry przez Wilkus, Pozezdrze, Stregiel i Swiecajty. Opis przebiegu rejsu i utrudnien spotykanych na drodze
Sztormiak ;SRODLADZIE;23;sztormiak:ubranie:sprzet:poradnik:ubior;JAk dobraæ sztormiak na œródl¹dzie
Sztormiaki;SRODLADZIE;23;sztormiak:sprzet:ubranie:ubior:poradnik;Poradnik jak wybrac dobry sztormiak
Sztormowanie na srodziemnym;MORZE;54;morze:srodziemne:sztorm:sztormowanie:bezpieczenstwo:nawigacja;Jak poradzic sobie w sztormowych warunkach na morzu srodziemnym. Jak rozpoznawac zagrozenia i czego sie obawiac
Szuwary;SRODLADZIE;6;szuwary:pas:brzeg:przyroda;Podstawowe informacje dotyczace szuwarow, jak o nie dbac i jak z nich korzystac
Szwecja i Norwegia;MORZE;23;morze:ciesniny dunskie:norwegia:szwecja:skagerrak:kattegat;Opis rejsu do Szwecji i Norwegii
Szwedzkie szkiery;MORZE;37;szkiery:baltyk:szwecja;Opis rejsu po szwedkich szkierach
Szwedzkie szkiery;MORZE;4;szkiery:szwecja:baltyk;Zeglowanie po szwedzkich szkierach
Tolkmicko;MORZE;53;morze:baltyckie:baltyk:polska:port:wybrzeze:polskie:locja:tolkmicko;Locja podejscie i opis portu w Tolkmicku
Topenanta;MORZE;53;poradnik:lina:olinowanie:liny:topenanta;Jak prawidlowo korzystac z topenanty
Trymowanie foka;SRODLADZIE;23;fok:trym:trymowanie:zagiel:poradnik;Prodanik dotycz¹cy trymowania foka	
Trymowanie grota;SRODLADZIE;23;grot:trym:trymowanie:zagiel:poradnik;Poradnik dotyczacy trymowania grota
Trymowanie zagli;SRODLADZIE;23;zagle:trym:trymowanie:poradnik;Trymowanie zagli
Turku;MORZE;52;finlandia:morze:baltyckie:baltyk:szkiery:rejs:archipelag:turku;Rejs w finskim archipelagu Turku
Ustka;MORZE;33;baltyk:polska:morze:port:wybrzeze:ustka;Locja podejscie i opis portu w Ustce
Wiatry prady i inne realia na morzu srodziemnym;MORZE;53;morze:srodziemne:zagrozenia:wiatr:prad:cumowanie:kotwiczenie:kotwica;Wiatry i prady czekajace na zelgarzy w ronzych czesciach morza srodziemnego. Sposoby cumowania i kotwiczenia w portach.
Wislinka;MORZE;55;locja:przystan:marina:port:wislinka:polska:martwa:wisla:baltyk;Opis przystani nad Martwa Wisla
Wladyslawowo;MORZE;52;wladyslawowo:baltyk:polska:wybrzeze:locja:port:podejscie;Locja podejscie i opis portu we Wladyslawowie
Wychodzenie z trzcin;SRODLADZIE;49;trzcin:mielizna:poradnik:srodladzie:holowanie:bezpieczenstwo;Jak w bezpieczny sposob wyciagnac jacht z trzcin, jak pomoc innemu jachtowi wyjsc z trzcin
Wyspa Ios;MORZE;56;ios:grecja:srodziemne:wyspa;Opis greckiej wyspy Ios
Wyspy Estonii;MORZE;2;baltyk:estonia:wyspa:wyspy;Zeglowanie po estonskich wyspach
Wyspy Flegrejskie;MORZE;34;wlochy:neapol:srodziemne;Rejs po Wyspach Flegrejskich w zatoce Neapolitanskiej
Wywrotka jachtu;SRODLADZIE;26;wywrotka:wywracanie:poradnik;Podstawowa wiedza teoretyczna dotyczacy wywrotnosci jachtow
Z Berlina na Zalew Wislany E70;SRODLADZIE;9;berlin:niemcy:polska:srodladzie:e70;Rejs po drodze wodnej E70 z Berlina na zalew Wislany
Z Irlandii do Anglii;MORZE;60;irlandia:anglia:rejs:morze:wielka:brytania;Opis rejsu z Irlandii do Anglii
Z Mazur na Baltyk;MORZE;52;morze:baltyk:mazury:polska:baltyckie:rejs:poradnik;Przygotowanie jachtu i pierwszy rejs na morzu baltyckim. Pierwsze kroki na morzu.
Zachodnia Szwecja;MORZE;26;szwecja:baltyk:szkiery;Opis rejsu po zachodniej Szwecji
Zakazane akweny na baltyku;MORZE;45;morze:baltyckie:baltyk:polska:wybrzeze:przepisy:bezpieczenstwo:zakaz;Gdzie na polskich wodach znajduja sie zamkniete akweny. Kiedy sa zamkniete i skad czerpac informacje.
Zatoka Botnicka;MORZE;9;botnicka:baltyk:finlandia;Zeglowanie po Zatoce Botnickiej
Zatoka Finska;MORZE;52;morze:baltyk:baltyckie:finlandia:finska:hanko:barosund:kotka;Rejs po malowniczej zatoce finskiej
Zatoka Ryska;MORZE;1;baltyk:estonia:lotwa;Zeglowanie po Zatoce Ryskiej
Zeglarskie pocztowki ze Szwecji;MORZE;39;szwecja:szkiery:baltyk:rejs:morze:baltyckie;Wracajac z Finlandii do Gdanska wybralismy nieco okrezna trase i penetrowalismy zakamarki szwedzkich szkierow.
Zeglowanie na fali;SRODLADZIE;26;fala:nawigacja:poradnik;poradnik jak prawidlowo zeglowac na fali
Zeglowanie noca po morzu;MORZE;20;nawigacja:morze:noc:swiatlo:oswietlenie:poradnik;Zeglowanie noca po morzu - obserwacja, oswietlenie, nawigacja
Zeglowanie noca po srodladziu;SRODLADZIE;34;noc:srodladzie:poradnik;Poradnik dotyczacy zeglowania w nocy po wodach srodladowych
Zegluga pod wiatr;SRODLADZIE;63;wiatr:halsowanie:poradnik:teoria;Proadnik jak najskuteczniej zeglowac pod wiatr
Zegluga srodladowa;MORZE;23;srodladzie:silnik:poradnik;Jak prawidlowo zeglowac na silniku po wodnych drogach srodladowych
Zjawiska pogodowe;MORZE;56;meteorologia:teoria:bezpieczenstwo:pogoda;Opis powstawania zjawisk pogodowych na morzu
Zulawy;SRODLADZIE;45;zulawy:srodladzie:polska;Rejs po Zulawach
Zwrot przez sztag;SRODLADZIE;28;manewr:nawigacja:poradnik:zwrot;Prawidlowo wykonany dynamiczny zwrot przez sztag
Zywnosc;SRODLADZIE;44;zywnosc:jedzenie:kambuz:poradnik;Jak zaplanowac zakup zywnosci, co kupic, gdzie sztauowac
Œrodki ratunkowe;SRODLADZIE;34;bezpieczenstwo:pomoc:ratunek:ratunkowy:sprzet:kamizelka;Opis dostêpnych œrodkó ratunkowych
¯ycie na jachcie;MORZE;60;¿ycie:rodzina:rejs:dzieci:dziecko;Historia rodziny, która zdecydowa³a siê przenieœæ na jacht
